{"accuracy": [0.04997742548584938, 0.08371429890394211, 0.10211367160081863, 0.11369088292121887, 0.11988867074251175, 0.12551501393318176, 0.1294763833284378, 0.13406915962696075, 0.13683824241161346, 0.14012233912944794, 0.14344875514507294, 0.14484210312366486, 0.14711733162403107], "loss": [6.581987380981445, 6.098504543304443, 5.862962245941162, 5.693594455718994, 5.570113182067871, 5.474086284637451, 5.392448425292969, 5.322421550750732, 5.260555744171143, 5.205113410949707, 5.156167507171631, 5.111230850219727, 5.070301532745361], "perplexity": [848.7608642578125, 471.3892517089844, 372.5526123046875, 314.27386474609375, 278.9291687011719, 252.88487243652344, 233.042236328125, 216.7667236328125, 203.84356689453125, 192.5643768310547, 183.0883331298828, 175.3868408203125, 168.18235778808594], "val_accuracy": [0.06881941109895706, 0.09466364234685898, 0.10840219259262085, 0.11552483588457108, 0.12161991000175476, 0.12489970773458481, 0.1287143975496292, 0.13109330832958221, 0.1328810155391693, 0.1348094791173935, 0.1357525885105133, 0.1369631588459015, 0.13676609098911285], "val_loss": [6.2677412033081055, 6.073821544647217, 5.9579548835754395, 5.89491081237793, 5.8611626625061035, 5.83304500579834, 5.81772518157959, 5.812332630157471, 5.817867755889893, 5.822082996368408, 5.83280086517334, 5.8374481201171875, 5.846385955810547], "val_perplexity": [582.2098999023438, 480.7650146484375, 427.59197998046875, 400.6236267089844, 385.3708801269531, 375.403564453125, 369.0742492675781, 367.1007385253906, 366.7914733886719, 367.6300048828125, 367.529052734375, 367.7977600097656, 369.6536865234375]}