{"accuracy": [0.45836812257766724, 0.5351682901382446, 0.553414523601532, 0.564275860786438, 0.5704142451286316, 0.5749853849411011, 0.5790602564811707, 0.5817005634307861, 0.5841787457466125, 0.5862581133842468, 0.5877414345741272, 0.5893833637237549, 0.59111487865448, 0.5922684073448181, 0.593010663986206], "loss": [1.8654422760009766, 1.5654948949813843, 1.4920240640640259, 1.453425645828247, 1.4277664422988892, 1.4094741344451904, 1.3946555852890015, 1.3828049898147583, 1.374694585800171, 1.3660202026367188, 1.3605010509490967, 1.3539849519729614, 1.3490194082260132, 1.3446873426437378, 1.3407198190689087], "val_accuracy": [0.5415908694267273, 0.5691657662391663, 0.5834532380104065, 0.5910608768463135, 0.5969714522361755, 0.5986775755882263, 0.6021216511726379, 0.6042668223381042, 0.6066609025001526, 0.6082991361618042, 0.6088874936103821, 0.6111639142036438, 0.6116390824317932, 0.6123043894767761, 0.6136665940284729], "val_loss": [1.5333703756332397, 1.4231042861938477, 1.3735473155975342, 1.344449758529663, 1.3264784812927246, 1.313688039779663, 1.3016413450241089, 1.2932840585708618, 1.2890716791152954, 1.2813388109207153, 1.276814579963684, 1.272826910018921, 1.2699326276779175, 1.2665590047836304, 1.2644610404968262]}